CATE_m0_glm,-0.4282653581397158,0.03287317665308944,0.01831563888873418,7.38905609893065,8
CATE_m1_glm,-0.8994947713887871,0.03551788911247094,0.01831563888873418,7.38905609893065,8
CATE_m0_grf,-0.3958646448037925,0.027459888980866185,0.01831563888873418,7.38905609893065,8
CATE_m1_grf,-0.8612973372731882,0.023686612835181114,0.01831563888873418,7.38905609893065,8
CATE_m0_tmle_ranger,-0.40436910629084977,0.027709537470582322,0.01831563888873418,7.38905609893065,8
CATE_m1_tmle_ranger,-0.8577813474768397,0.021972211267376713,0.01831563888873418,7.38905609893065,8
CATE_m0_tmle_xgboost,-0.4059751988054886,0.029524578962236012,0.01831563888873418,7.38905609893065,8
CATE_m1_tmle_xgboost,-0.8578366270120493,0.02382147382166911,0.01831563888873418,7.38905609893065,8
CATE_m0_tmle_tree,-0.4052694987666984,0.027911946484963448,0.01831563888873418,7.38905609893065,8
CATE_m1_tmle_tree,-0.8583470537875911,0.021248271998763085,0.01831563888873418,7.38905609893065,8
CATE_m0_tmle_stacked,-0.4124059307965648,0.027770688974249662,0.01831563888873418,7.38905609893065,8
CATE_m1_tmle_stacked,-0.8647077520521085,0.02109792436109098,0.01831563888873418,7.38905609893065,8
CATE_m0_aipw_ranger,-0.4014151637164573,0.024503313468739053,0.01831563888873418,7.38905609893065,8
CATE_m1_aipw_ranger,-0.8577151475198261,0.02289973876345574,0.01831563888873418,7.38905609893065,8
CATE_m0_aipw_xgboost,-0.39752371953583554,0.02447726153523612,0.01831563888873418,7.38905609893065,8
CATE_m1_aipw_xgboost,-0.8616045858063796,0.02080086005671945,0.01831563888873418,7.38905609893065,8
CATE_m0_aipw_tree,-0.40053582577966124,0.024150739719570876,0.01831563888873418,7.38905609893065,8
CATE_m1_aipw_tree,-0.40053582577966124,0.024150739719570876,0.01831563888873418,7.38905609893065,8
CATE_m0_aipw_stacked,-0.4117736176258721,0.026989727482795677,0.01831563888873418,7.38905609893065,8
CATE_m1_aipw_stacked,-0.4117736176258721,0.026989727482795677,0.01831563888873418,7.38905609893065,8
CATE_m0_glm,0.24197626040175088,0.035748374782886796,7.38905609893065,1,8
CATE_m1_glm,0.40247853732124395,0.038624402651707156,7.38905609893065,1,8
CATE_m0_grf,0.2138108978574587,0.032302275178553,7.38905609893065,1,8
CATE_m1_grf,0.409903323819582,0.044067567585860654,7.38905609893065,1,8
CATE_m0_tmle_ranger,0.2055088532752321,0.04868190495270154,7.38905609893065,1,8
CATE_m1_tmle_ranger,0.41064839600905867,0.03837061193329304,7.38905609893065,1,8
CATE_m0_tmle_xgboost,0.21244907665050658,0.041683517373487015,7.38905609893065,1,8
CATE_m1_tmle_xgboost,0.4025744413746325,0.040723011924446516,7.38905609893065,1,8
CATE_m0_tmle_tree,0.21207074568284678,0.0455924270173161,7.38905609893065,1,8
CATE_m1_tmle_tree,0.41258024237810476,0.03816300967256318,7.38905609893065,1,8
CATE_m0_tmle_stacked,0.2277588235374432,0.048002812888818615,7.38905609893065,1,8
CATE_m1_tmle_stacked,0.4453995523757512,0.036503722654637465,7.38905609893065,1,8
CATE_m0_aipw_ranger,0.21294026347338435,0.027416790924295702,7.38905609893065,1,8
CATE_m1_aipw_ranger,0.40684814224662674,0.03950153666071524,7.38905609893065,1,8
CATE_m0_aipw_xgboost,0.21086199403384234,0.026799096866103697,7.38905609893065,1,8
CATE_m1_aipw_xgboost,0.40081718063807464,0.03725584082018208,7.38905609893065,1,8
CATE_m0_aipw_tree,0.2160163242430427,0.0264755117047338,7.38905609893065,1,8
CATE_m1_aipw_tree,0.2160163242430427,0.0264755117047338,7.38905609893065,1,8
CATE_m0_aipw_stacked,0.2190480738050182,0.045759165869970427,7.38905609893065,1,8
CATE_m1_aipw_stacked,0.2190480738050182,0.045759165869970427,7.38905609893065,1,8
CATE_m0_glm,-0.3230241270253597,0.03463187634890487,0.01831563888873418,1,8
CATE_m1_glm,-0.7639906628897417,0.037418079697558136,0.01831563888873418,1,8
CATE_m0_grf,-0.3031047587406907,0.026611356107087192,0.01831563888873418,1,8
CATE_m1_grf,-0.7473519376889726,0.03163450553019014,0.01831563888873418,1,8
CATE_m0_tmle_ranger,-0.310446747706426,0.02707542561246603,0.01831563888873418,1,8
CATE_m1_tmle_ranger,-0.7367055360035547,0.02934984343057595,0.01831563888873418,1,8
CATE_m0_tmle_xgboost,-0.3111689325041405,0.028869589304926366,0.01831563888873418,1,8
CATE_m1_tmle_xgboost,-0.7358200809459353,0.0318509848130393,0.01831563888873418,1,8
CATE_m0_tmle_tree,-0.30872712609759856,0.02728294203855374,0.01831563888873418,1,8
CATE_m1_tmle_tree,-0.7366605681663759,0.02925371206131859,0.01831563888873418,1,8
CATE_m0_tmle_stacked,-0.30547403773208104,0.028146300320035185,0.01831563888873418,1,8
CATE_m1_tmle_stacked,-0.7550772017481776,0.02809021655793026,0.01831563888873418,1,8
CATE_m0_aipw_ranger,-0.3089799051214525,0.023702352433252187,0.01831563888873418,1,8
CATE_m1_aipw_ranger,-0.7379487100011981,0.030242334638530655,0.01831563888873418,1,8
CATE_m0_aipw_xgboost,-0.3063016235919783,0.023573448225645267,0.01831563888873418,1,8
CATE_m1_aipw_xgboost,-0.7455038654266969,0.0277980413671448,0.01831563888873418,1,8
CATE_m0_aipw_tree,-0.30644524984212385,0.02326931601071598,0.01831563888873418,1,8
CATE_m1_aipw_tree,-0.30644524984212385,0.02326931601071598,0.01831563888873418,1,8
CATE_m0_aipw_stacked,-0.3028159431182216,0.027145205688299194,0.01831563888873418,1,8
CATE_m1_aipw_stacked,-0.3028159431182216,0.027145205688299194,0.01831563888873418,1,8
CATE_m0_glm,-0.43082064250563995,0.03284916095299901,0.01831563888873418,54.598150033144236,8
CATE_m1_glm,-0.9355457874167126,0.035491941301531583,0.01831563888873418,54.598150033144236,8
CATE_m0_grf,-0.39706127652367285,0.02875350817217425,0.01831563888873418,54.598150033144236,8
CATE_m1_grf,-0.8951145333915738,0.020318693055562012,0.01831563888873418,54.598150033144236,8
CATE_m0_tmle_ranger,-0.4095838950035856,0.028799795235763183,0.01831563888873418,54.598150033144236,8
CATE_m1_tmle_ranger,-0.8937855156220118,0.017661468509050926,0.01831563888873418,54.598150033144236,8
CATE_m0_tmle_xgboost,-0.40616406881428574,0.030116039534749284,0.01831563888873418,54.598150033144236,8
CATE_m1_tmle_xgboost,-0.8953979725770294,0.019827908465665466,0.01831563888873418,54.598150033144236,8
CATE_m0_tmle_tree,-0.4091096594872217,0.028928742886061332,0.01831563888873418,54.598150033144236,8
CATE_m1_tmle_tree,-0.8955979508733664,0.017377978063742014,0.01831563888873418,54.598150033144236,8
CATE_m0_tmle_stacked,-0.4179646128263915,0.028325617171528802,0.01831563888873418,54.598150033144236,8
CATE_m1_tmle_stacked,-0.906137660014867,0.015343708317832714,0.01831563888873418,54.598150033144236,8
CATE_m0_aipw_ranger,-0.4065355627854149,0.025355117624368057,0.01831563888873418,54.598150033144236,8
CATE_m1_aipw_ranger,-0.892503232720031,0.01901306246755304,0.01831563888873418,54.598150033144236,8
CATE_m0_aipw_xgboost,-0.40198290655534813,0.025173922608685787,0.01831563888873418,54.598150033144236,8
CATE_m1_aipw_xgboost,-0.8979449443702361,0.017142954635037795,0.01831563888873418,54.598150033144236,8
CATE_m0_aipw_tree,-0.40483054347474057,0.02493923896852388,0.01831563888873418,54.598150033144236,8
CATE_m1_aipw_tree,-0.40483054347474057,0.02493923896852388,0.01831563888873418,54.598150033144236,8
CATE_m0_aipw_stacked,-0.41737505299487204,0.027576184623693586,0.01831563888873418,54.598150033144236,8
CATE_m1_aipw_stacked,-0.41737505299487204,0.027576184623693586,0.01831563888873418,54.598150033144236,8
CATE_m0_glm,0.40145779464046677,0.025919398329976785,54.598150033144236,0.01831563888873418,8
CATE_m1_glm,0.9239100735042145,0.028004665489471676,54.598150033144236,0.01831563888873418,8
CATE_m0_grf,0.4137489782304526,0.032784877764746256,54.598150033144236,0.01831563888873418,8
CATE_m1_grf,0.8851920155438464,0.020350312251747337,54.598150033144236,0.01831563888873418,8
CATE_m0_tmle_ranger,0.45425924056782596,0.0404075528062749,54.598150033144236,0.01831563888873418,8
CATE_m1_tmle_ranger,0.8828422051509291,0.01790040826335763,54.598150033144236,0.01831563888873418,8
CATE_m0_tmle_xgboost,0.4693401551589745,0.03760176604610984,54.598150033144236,0.01831563888873418,8
CATE_m1_tmle_xgboost,0.8849117593571451,0.019897192360146313,54.598150033144236,0.01831563888873418,8
CATE_m0_tmle_tree,0.46697744240037237,0.038367103629810204,54.598150033144236,0.01831563888873418,8
CATE_m1_tmle_tree,0.886224190582119,0.017547708461059755,54.598150033144236,0.01831563888873418,8
CATE_m0_tmle_stacked,0.4775093035501287,0.03915171518374148,54.598150033144236,0.01831563888873418,8
CATE_m1_tmle_stacked,0.8978009780091512,0.015327521410512551,54.598150033144236,0.01831563888873418,8
CATE_m0_aipw_ranger,0.44922860911398504,0.02605304260219558,54.598150033144236,0.01831563888873418,8
CATE_m1_aipw_ranger,0.8793265360671049,0.01949133764094396,54.598150033144236,0.01831563888873418,8
CATE_m0_aipw_xgboost,0.46701771732877717,0.02578322505049102,54.598150033144236,0.01831563888873418,8
CATE_m1_aipw_xgboost,0.887447084188261,0.017750891948043006,54.598150033144236,0.01831563888873418,8
CATE_m0_aipw_tree,0.4661936989179837,0.025632458099937465,54.598150033144236,0.01831563888873418,8
CATE_m1_aipw_tree,0.4661936989179837,0.025632458099937465,54.598150033144236,0.01831563888873418,8
CATE_m0_aipw_stacked,0.48189120095906823,0.03613240362394048,54.598150033144236,0.01831563888873418,8
CATE_m1_aipw_stacked,0.48189120095906823,0.03613240362394048,54.598150033144236,0.01831563888873418,8
CATE_m0_glm,0.23489448607800675,0.03715458037824707,7.38905609893065,7.38905609893065,8
CATE_m1_glm,-0.03907067806823453,0.04014374028470857,7.38905609893065,7.38905609893065,8
CATE_m0_grf,0.21026545419499507,0.033346851855269,7.38905609893065,7.38905609893065,8
CATE_m1_grf,-0.024059281155598328,0.04608495134417222,7.38905609893065,7.38905609893065,8
CATE_m0_tmle_ranger,0.2021143297175534,0.047370530039562805,7.38905609893065,7.38905609893065,8
CATE_m1_tmle_ranger,-0.007029206578964553,0.04085898087290167,7.38905609893065,7.38905609893065,8
CATE_m0_tmle_xgboost,0.20176865899816354,0.041970155384078986,7.38905609893065,7.38905609893065,8
CATE_m1_tmle_xgboost,-0.020270685706553604,0.04490499715802328,7.38905609893065,7.38905609893065,8
CATE_m0_tmle_tree,0.20462875908522357,0.045827469557274306,7.38905609893065,7.38905609893065,8
CATE_m1_tmle_tree,-0.007506323723235175,0.04072540654375516,7.38905609893065,7.38905609893065,8
CATE_m0_tmle_stacked,0.2079701376008593,0.04439096816104238,7.38905609893065,7.38905609893065,8
CATE_m1_tmle_stacked,-0.03271888420194308,0.04114114666599304,7.38905609893065,7.38905609893065,8
CATE_m0_aipw_ranger,0.21156778059547715,0.028115716158533973,7.38905609893065,7.38905609893065,8
CATE_m1_aipw_ranger,-0.005773745714688376,0.04186567888603028,7.38905609893065,7.38905609893065,8
CATE_m0_aipw_xgboost,0.20604978319877218,0.027499509168427947,7.38905609893065,7.38905609893065,8
CATE_m1_aipw_xgboost,-0.01633286732647704,0.04004762370020898,7.38905609893065,7.38905609893065,8
CATE_m0_aipw_tree,0.20993475192256392,0.027415651139680395,7.38905609893065,7.38905609893065,8
CATE_m1_aipw_tree,0.20993475192256392,0.027415651139680395,7.38905609893065,7.38905609893065,8
CATE_m0_aipw_stacked,0.20807327422947078,0.042307922514820545,7.38905609893065,7.38905609893065,8
CATE_m1_aipw_stacked,0.20807327422947078,0.042307922514820545,7.38905609893065,7.38905609893065,8
CATE_m0_glm,-0.2677730890479766,0.033871372013654685,0.1353352832366127,54.598150033144236,8
CATE_m1_glm,-0.8308415431614798,0.03659639127559569,0.1353352832366127,54.598150033144236,8
CATE_m0_grf,-0.24784519647587336,0.02881972291257999,0.1353352832366127,54.598150033144236,8
CATE_m1_grf,-0.8062113338444861,0.026211544308024904,0.1353352832366127,54.598150033144236,8
CATE_m0_tmle_ranger,-0.26243782043277114,0.02926425263827989,0.1353352832366127,54.598150033144236,8
CATE_m1_tmle_ranger,-0.8025538960393803,0.024466392986854605,0.1353352832366127,54.598150033144236,8
CATE_m0_tmle_xgboost,-0.2740426077314979,0.03171114860312169,0.1353352832366127,54.598150033144236,8
CATE_m1_tmle_xgboost,-0.8034150509911873,0.026179739468218145,0.1353352832366127,54.598150033144236,8
CATE_m0_tmle_tree,-0.26545828712006064,0.029757346594310105,0.1353352832366127,54.598150033144236,8
CATE_m1_tmle_tree,-0.8042818981905409,0.02421041591543579,0.1353352832366127,54.598150033144236,8
CATE_m0_tmle_stacked,-0.2662345121018241,0.030672544907696067,0.1353352832366127,54.598150033144236,8
CATE_m1_tmle_stacked,-0.8151737354696958,0.0236794406673058,0.1353352832366127,54.598150033144236,8
CATE_m0_aipw_ranger,-0.25661655192381433,0.025370737461735796,0.1353352832366127,54.598150033144236,8
CATE_m1_aipw_ranger,-0.8038746511687797,0.02553406859073126,0.1353352832366127,54.598150033144236,8
CATE_m0_aipw_xgboost,-0.260759831554801,0.025177286159558238,0.1353352832366127,54.598150033144236,8
CATE_m1_aipw_xgboost,-0.8078119758660509,0.02353693379917941,0.1353352832366127,54.598150033144236,8
CATE_m0_aipw_tree,-0.2572141878434938,0.024985219592526284,0.1353352832366127,54.598150033144236,8
CATE_m1_aipw_tree,-0.2572141878434938,0.024985219592526284,0.1353352832366127,54.598150033144236,8
CATE_m0_aipw_stacked,-0.2654359794152273,0.02950796269105215,0.1353352832366127,54.598150033144236,8
CATE_m1_aipw_stacked,-0.2654359794152273,0.02950796269105215,0.1353352832366127,54.598150033144236,8
CATE_m0_glm,0.021139795888616197,0.030051782611529933,1,0.01831563888873418,8
CATE_m1_glm,0.6367145683928421,0.03246950830740873,1,0.01831563888873418,8
CATE_m0_grf,-0.01983677039090701,0.02149240556973272,1,0.01831563888873418,8
CATE_m1_grf,0.6410815312661259,0.03390185834686581,1,0.01831563888873418,8
CATE_m0_tmle_ranger,-0.0167475379132367,0.024528579674531932,1,0.01831563888873418,8
CATE_m1_tmle_ranger,0.6420705146940389,0.030590022317022215,1,0.01831563888873418,8
CATE_m0_tmle_xgboost,-0.02185973682727623,0.02319901074796386,1,0.01831563888873418,8
CATE_m1_tmle_xgboost,0.6404532181000898,0.032511191527325574,1,0.01831563888873418,8
CATE_m0_tmle_tree,-0.017516050269489686,0.024709174160994055,1,0.01831563888873418,8
CATE_m1_tmle_tree,0.6444079610397813,0.03056305002474772,1,0.01831563888873418,8
CATE_m0_tmle_stacked,-0.006519452597020733,0.03051494896329474,1,0.01831563888873418,8
CATE_m1_tmle_stacked,0.6619259828333126,0.02885774483580392,1,0.01831563888873418,8
CATE_m0_aipw_ranger,-0.015515422529169608,0.018607271415522878,1,0.01831563888873418,8
CATE_m1_aipw_ranger,0.638775393745004,0.03234898467058153,1,0.01831563888873418,8
CATE_m0_aipw_xgboost,-0.02354032029229894,0.017691610714702734,1,0.01831563888873418,8
CATE_m1_aipw_xgboost,0.6370707316679907,0.030446813628517342,1,0.01831563888873418,8
CATE_m0_aipw_tree,-0.021174853712579947,0.017879780124596647,1,0.01831563888873418,8
CATE_m1_aipw_tree,-0.021174853712579947,0.017879780124596647,1,0.01831563888873418,8
CATE_m0_aipw_stacked,-0.011037784988241664,0.026642471128211838,1,0.01831563888873418,8
CATE_m1_aipw_stacked,-0.011037784988241664,0.026642471128211838,1,0.01831563888873418,8
CATE_m0_glm,0.3615799818143568,0.024599782601631568,54.598150033144236,0.0024787521766663585,8
CATE_m1_glm,0.9367873502659262,0.026578884050547875,54.598150033144236,0.0024787521766663585,8
CATE_m0_grf,0.37160512376274674,0.032387917301065036,54.598150033144236,0.0024787521766663585,8
CATE_m1_grf,0.897816165277138,0.019288751945894033,54.598150033144236,0.0024787521766663585,8
CATE_m0_tmle_ranger,0.40742492418212456,0.04124286398770787,54.598150033144236,0.0024787521766663585,8
CATE_m1_tmle_ranger,0.8939004215823212,0.01710259614174639,54.598150033144236,0.0024787521766663585,8
CATE_m0_tmle_xgboost,0.4188101738377332,0.039461460115581416,54.598150033144236,0.0024787521766663585,8
CATE_m1_tmle_xgboost,0.8987436835540015,0.01951860988769851,54.598150033144236,0.0024787521766663585,8
CATE_m0_tmle_tree,0.41819311761321587,0.040506824443194395,54.598150033144236,0.0024787521766663585,8
CATE_m1_tmle_tree,0.8971642431854281,0.016826637866139634,54.598150033144236,0.0024787521766663585,8
CATE_m0_tmle_stacked,0.43791915702064094,0.03957545263342722,54.598150033144236,0.0024787521766663585,8
CATE_m1_tmle_stacked,0.908252875460227,0.014544558646895822,54.598150033144236,0.0024787521766663585,8
CATE_m0_aipw_ranger,0.4010829551603818,0.025910467592898594,54.598150033144236,0.0024787521766663585,8
CATE_m1_aipw_ranger,0.8911250142782621,0.018569510004886658,54.598150033144236,0.0024787521766663585,8
CATE_m0_aipw_xgboost,0.41829252829815894,0.026218900821942774,54.598150033144236,0.0024787521766663585,8
CATE_m1_aipw_xgboost,0.902929374244253,0.016814392481919183,54.598150033144236,0.0024787521766663585,8
CATE_m0_aipw_tree,0.4206339387427733,0.02560028907389253,54.598150033144236,0.0024787521766663585,8
CATE_m1_aipw_tree,0.4206339387427733,0.02560028907389253,54.598150033144236,0.0024787521766663585,8
CATE_m0_aipw_stacked,0.4431234711495665,0.03687403038399554,54.598150033144236,0.0024787521766663585,8
CATE_m1_aipw_stacked,0.4431234711495665,0.03687403038399554,54.598150033144236,0.0024787521766663585,8
CATE_m0_glm,-0.19849642789646008,0.038664670696171216,0.01831563888873418,0.01831563888873418,8
CATE_m1_glm,-0.03428683236747049,0.04177532037287158,0.01831563888873418,0.01831563888873418,8
CATE_m0_grf,-0.21132227135076748,0.023940345104091588,0.01831563888873418,0.01831563888873418,8
CATE_m1_grf,-0.039009316208093725,0.04792559902608931,0.01831563888873418,0.01831563888873418,8
CATE_m0_tmle_ranger,-0.21872136560201214,0.02419776166921529,0.01831563888873418,0.01831563888873418,8
CATE_m1_tmle_ranger,-0.0352522705331032,0.04253287267763787,0.01831563888873418,0.01831563888873418,8
CATE_m0_tmle_xgboost,-0.22419111107738193,0.025145641171171688,0.01831563888873418,0.01831563888873418,8
CATE_m1_tmle_xgboost,-0.015620983951765921,0.04690449860625854,0.01831563888873418,0.01831563888873418,8
CATE_m0_tmle_tree,-0.219749704603687,0.0243289741455967,0.01831563888873418,0.01831563888873418,8
CATE_m1_tmle_tree,-0.033682816744728394,0.04240120608610122,0.01831563888873418,0.01831563888873418,8
CATE_m0_tmle_stacked,-0.21392551290231573,0.02429594403075793,0.01831563888873418,0.01831563888873418,8
CATE_m1_tmle_stacked,-0.013345119928181326,0.04321215844706612,0.01831563888873418,0.01831563888873418,8
CATE_m0_aipw_ranger,-0.2191629655594763,0.021097431893553398,0.01831563888873418,0.01831563888873418,8
CATE_m1_aipw_ranger,-0.039080985117470116,0.04354432464799003,0.01831563888873418,0.01831563888873418,8
CATE_m0_aipw_xgboost,-0.22198563760741533,0.0208470842100438,0.01831563888873418,0.01831563888873418,8
CATE_m1_aipw_xgboost,-0.0297503305883323,0.041471671418919547,0.01831563888873418,0.01831563888873418,8
CATE_m0_aipw_tree,-0.22032806636460534,0.02075608238490769,0.01831563888873418,0.01831563888873418,8
CATE_m1_aipw_tree,-0.22032806636460534,0.02075608238490769,0.01831563888873418,0.01831563888873418,8
CATE_m0_aipw_stacked,-0.21318403788416848,0.023497889572488426,0.01831563888873418,0.01831563888873418,8
CATE_m1_aipw_stacked,-0.21318403788416848,0.023497889572488426,0.01831563888873418,0.01831563888873418,8
CATE_m0_glm,0.16253832250067782,0.030496661769019166,7.38905609893065,0.1353352832366127,8
CATE_m1_glm,0.6995801679996829,0.032950178878157085,7.38905609893065,0.1353352832366127,8
CATE_m0_grf,0.13828659789396525,0.02956888510465186,7.38905609893065,0.1353352832366127,8
CATE_m1_grf,0.6939133066780595,0.03304328306662494,7.38905609893065,0.1353352832366127,8
CATE_m0_tmle_ranger,0.1651310747553378,0.050388607219899156,7.38905609893065,0.1353352832366127,8
CATE_m1_tmle_ranger,0.6850509573356465,0.0299141428315055,7.38905609893065,0.1353352832366127,8
CATE_m0_tmle_xgboost,0.16685854098975053,0.03983467742626877,7.38905609893065,0.1353352832366127,8
CATE_m1_tmle_xgboost,0.6818768758965614,0.03194896673006897,7.38905609893065,0.1353352832366127,8
CATE_m0_tmle_tree,0.17278992830824833,0.046171795387407746,7.38905609893065,0.1353352832366127,8
CATE_m1_tmle_tree,0.687260801967853,0.029791430726412976,7.38905609893065,0.1353352832366127,8
CATE_m0_tmle_stacked,0.17815635817743414,0.04764377614257652,7.38905609893065,0.1353352832366127,8
CATE_m1_tmle_stacked,0.7186319794338536,0.026183087108702,7.38905609893065,0.1353352832366127,8
CATE_m0_aipw_ranger,0.16386071764496982,0.025513841244874186,7.38905609893065,0.1353352832366127,8
CATE_m1_aipw_ranger,0.6823719504419039,0.031333636926524036,7.38905609893065,0.1353352832366127,8
CATE_m0_aipw_xgboost,0.16051516147633688,0.025411040104958524,7.38905609893065,0.1353352832366127,8
CATE_m1_aipw_xgboost,0.6853905365282221,0.028837729672729424,7.38905609893065,0.1353352832366127,8
CATE_m0_aipw_tree,0.16021502353316586,0.024984201923424,7.38905609893065,0.1353352832366127,8
CATE_m1_aipw_tree,0.16021502353316586,0.024984201923424,7.38905609893065,0.1353352832366127,8
CATE_m0_aipw_stacked,0.17018765389394797,0.045416323821383664,7.38905609893065,0.1353352832366127,8
CATE_m1_aipw_stacked,0.17018765389394797,0.045416323821383664,7.38905609893065,0.1353352832366127,8
CATE_m0_glm,-0.10212339732311834,0.03822971551238224,0.1353352832366127,0.1353352832366127,8
CATE_m1_glm,-0.018032259864816644,0.04130537217925034,0.1353352832366127,0.1353352832366127,8
CATE_m0_grf,-0.13120088150124012,0.0231167928446742,0.1353352832366127,0.1353352832366127,8
CATE_m1_grf,0.0013857728347540731,0.04983277857164849,0.1353352832366127,0.1353352832366127,8
CATE_m0_tmle_ranger,-0.13392057134224536,0.02322316952806062,0.1353352832366127,0.1353352832366127,8
CATE_m1_tmle_ranger,0.006759581241228663,0.04391349504705183,0.1353352832366127,0.1353352832366127,8
CATE_m0_tmle_xgboost,-0.14247874794078103,0.02420594107181693,0.1353352832366127,0.1353352832366127,8
CATE_m1_tmle_xgboost,-0.013783117956747915,0.049606056894557986,0.1353352832366127,0.1353352832366127,8
CATE_m0_tmle_tree,-0.13871520848552746,0.023368301933249958,0.1353352832366127,0.1353352832366127,8
CATE_m1_tmle_tree,0.0015360280236317303,0.0436963154168992,0.1353352832366127,0.1353352832366127,8
CATE_m0_tmle_stacked,-0.13102930091039833,0.024421846236798203,0.1353352832366127,0.1353352832366127,8
CATE_m1_tmle_stacked,0.001528447064966909,0.044474232343430786,0.1353352832366127,0.1353352832366127,8
CATE_m0_aipw_ranger,-0.13285186409944155,0.020099274587869594,0.1353352832366127,0.1353352832366127,8
CATE_m1_aipw_ranger,-0.0011172903354850848,0.04518488519212899,0.1353352832366127,0.1353352832366127,8
CATE_m0_aipw_xgboost,-0.13951879091598984,0.01975001415705816,0.1353352832366127,0.1353352832366127,8
CATE_m1_aipw_xgboost,-0.00931640295216026,0.042732724511313366,0.1353352832366127,0.1353352832366127,8
CATE_m0_aipw_tree,-0.13789768948995954,0.019652280858175407,0.1353352832366127,0.1353352832366127,8
CATE_m1_aipw_tree,-0.13789768948995954,0.019652280858175407,0.1353352832366127,0.1353352832366127,8
CATE_m0_aipw_stacked,-0.12982037187881368,0.02356833580826137,0.1353352832366127,0.1353352832366127,8
CATE_m1_aipw_stacked,-0.12982037187881368,0.02356833580826137,0.1353352832366127,0.1353352832366127,8
CATE_m0_glm,0.47432450686974886,0.028192806761231946,54.598150033144236,0.1353352832366127,8
CATE_m1_glm,0.8626574398459179,0.030460974151722258,54.598150033144236,0.1353352832366127,8
CATE_m0_grf,0.48541334454634044,0.032893784749824184,54.598150033144236,0.1353352832366127,8
CATE_m1_grf,0.8325768425660481,0.025792299128331524,54.598150033144236,0.1353352832366127,8
CATE_m0_tmle_ranger,0.5299060369958228,0.03966584621454747,54.598150033144236,0.1353352832366127,8
CATE_m1_tmle_ranger,0.8274329275423999,0.02310070703951996,54.598150033144236,0.1353352832366127,8
CATE_m0_tmle_xgboost,0.5339000218004922,0.039411208316659146,54.598150033144236,0.1353352832366127,8
CATE_m1_tmle_xgboost,0.8363200516030848,0.024772766362906623,54.598150033144236,0.1353352832366127,8
CATE_m0_tmle_tree,0.5375352532152474,0.03998778211367722,54.598150033144236,0.1353352832366127,8
CATE_m1_tmle_tree,0.8307935132688687,0.022863644961724525,54.598150033144236,0.1353352832366127,8
CATE_m0_tmle_stacked,0.5322852420032789,0.041729640415284784,54.598150033144236,0.1353352832366127,8
CATE_m1_tmle_stacked,0.8523210513931693,0.018991113962544576,54.598150033144236,0.1353352832366127,8
CATE_m0_aipw_ranger,0.5211844261104568,0.026287525641296293,54.598150033144236,0.1353352832366127,8
CATE_m1_aipw_ranger,0.8235263065507077,0.024386283245591597,54.598150033144236,0.1353352832366127,8
CATE_m0_aipw_xgboost,0.529594515093313,0.02621878419988323,54.598150033144236,0.1353352832366127,8
CATE_m1_aipw_xgboost,0.8366667484110751,0.02213844124040407,54.598150033144236,0.1353352832366127,8
CATE_m0_aipw_tree,0.5317453927765783,0.025915140064530162,54.598150033144236,0.1353352832366127,8
CATE_m1_aipw_tree,0.5317453927765783,0.025915140064530162,54.598150033144236,0.1353352832366127,8
CATE_m0_aipw_stacked,0.5369073495811814,0.03772553758583565,54.598150033144236,0.1353352832366127,8
CATE_m1_aipw_stacked,0.5369073495811814,0.03772553758583565,54.598150033144236,0.1353352832366127,8
CATE_m0_glm,0.711874671065124,0.033540597815848054,54.598150033144236,54.598150033144236,8
CATE_m1_glm,-0.03899559903235572,0.03623900563553592,54.598150033144236,54.598150033144236,8
CATE_m0_grf,0.714314932351019,0.02982781439157651,54.598150033144236,54.598150033144236,8
CATE_m1_grf,-0.04223339285618895,0.04134557968317904,54.598150033144236,54.598150033144236,8
CATE_m0_tmle_ranger,0.7244077003332965,0.03336594554764384,54.598150033144236,54.598150033144236,8
CATE_m1_tmle_ranger,-0.018981400035218227,0.03704482059412679,54.598150033144236,54.598150033144236,8
CATE_m0_tmle_xgboost,0.7232601243051979,0.0356197491021108,54.598150033144236,54.598150033144236,8
CATE_m1_tmle_xgboost,-0.03383960873120043,0.038864000550175894,54.598150033144236,54.598150033144236,8
CATE_m0_tmle_tree,0.7248385782669825,0.034118326689874676,54.598150033144236,54.598150033144236,8
CATE_m1_tmle_tree,-0.018982226342273423,0.0367958487315471,54.598150033144236,54.598150033144236,8
CATE_m0_tmle_stacked,0.7178681167669244,0.03770611876918175,54.598150033144236,54.598150033144236,8
CATE_m1_tmle_stacked,-0.032998437263561414,0.03768058140300246,54.598150033144236,54.598150033144236,8
CATE_m0_aipw_ranger,0.7157875989994025,0.024519901547590883,54.598150033144236,54.598150033144236,8
CATE_m1_aipw_ranger,-0.018680114098583653,0.03777805440495302,54.598150033144236,54.598150033144236,8
CATE_m0_aipw_xgboost,0.7239637844123066,0.023916032785815878,54.598150033144236,54.598150033144236,8
CATE_m1_aipw_xgboost,-0.03112685327650319,0.03538297628609224,54.598150033144236,54.598150033144236,8
CATE_m0_aipw_tree,0.7170383161927677,0.024017304828515443,54.598150033144236,54.598150033144236,8
CATE_m1_aipw_tree,0.7170383161927677,0.024017304828515443,54.598150033144236,54.598150033144236,8
CATE_m0_aipw_stacked,0.7232812233300053,0.03340231061919446,54.598150033144236,54.598150033144236,8
CATE_m1_aipw_stacked,0.7232812233300053,0.03340231061919446,54.598150033144236,54.598150033144236,8
CATE_m0_glm,0.11528602064769979,0.02384883989279659,7.38905609893065,0.0024787521766663585,8
CATE_m1_glm,0.8762491060525844,0.02576752650686757,7.38905609893065,0.0024787521766663585,8
CATE_m0_grf,0.09847884211013512,0.02661410960076849,7.38905609893065,0.0024787521766663585,8
CATE_m1_grf,0.8658912073485495,0.021975785903356082,7.38905609893065,0.0024787521766663585,8
CATE_m0_tmle_ranger,0.12494324279129243,0.04886329102504398,7.38905609893065,0.0024787521766663585,8
CATE_m1_tmle_ranger,0.8641356174710273,0.01940725274424396,7.38905609893065,0.0024787521766663585,8
CATE_m0_tmle_xgboost,0.15135057467330282,0.039312775974346584,7.38905609893065,0.0024787521766663585,8
CATE_m1_tmle_xgboost,0.8641391809558286,0.02195682018114131,7.38905609893065,0.0024787521766663585,8
CATE_m0_tmle_tree,0.16106090277266322,0.045178530722540244,7.38905609893065,0.0024787521766663585,8
CATE_m1_tmle_tree,0.8663435400744395,0.019264214135883764,7.38905609893065,0.0024787521766663585,8
CATE_m0_tmle_stacked,0.15013701276715868,0.046806102594614964,7.38905609893065,0.0024787521766663585,8
CATE_m1_tmle_stacked,0.8780644101387957,0.01691664126094304,7.38905609893065,0.0024787521766663585,8
CATE_m0_aipw_ranger,0.12418817917876558,0.022261997336461774,7.38905609893065,0.0024787521766663585,8
CATE_m1_aipw_ranger,0.8609735538198363,0.021078370323421657,7.38905609893065,0.0024787521766663585,8
CATE_m0_aipw_xgboost,0.13515038756317002,0.022997323750858948,7.38905609893065,0.0024787521766663585,8
CATE_m1_aipw_xgboost,0.8655924134727251,0.01948044950176658,7.38905609893065,0.0024787521766663585,8
CATE_m0_aipw_tree,0.1368278768308999,0.022203673241126782,7.38905609893065,0.0024787521766663585,8
CATE_m1_aipw_tree,0.1368278768308999,0.022203673241126782,7.38905609893065,0.0024787521766663585,8
CATE_m0_aipw_stacked,0.13889682064394443,0.04513673242236323,7.38905609893065,0.0024787521766663585,8
CATE_m1_aipw_stacked,0.13889682064394443,0.04513673242236323,7.38905609893065,0.0024787521766663585,8
CATE_m0_glm,-0.005121336414977763,0.03549003810402318,1,7.38905609893065,8
CATE_m1_glm,-0.36586389716018036,0.038345282273096,1,7.38905609893065,8
CATE_m0_grf,-0.013192180904393865,0.028036873033822997,1,7.38905609893065,8
CATE_m1_grf,-0.364335667896056,0.04101654330258849,1,7.38905609893065,8
CATE_m0_tmle_ranger,-0.0017639015438320194,0.03606417760239689,1,7.38905609893065,8
CATE_m1_tmle_ranger,-0.35480534301445377,0.03757834460913487,1,7.38905609893065,8
CATE_m0_tmle_xgboost,0.006719410255184521,0.036861142533504185,1,7.38905609893065,8
CATE_m1_tmle_xgboost,-0.36307239475144815,0.04331346716514841,1,7.38905609893065,8
CATE_m0_tmle_tree,0.008426990001664497,0.03736065340367706,1,7.38905609893065,8
CATE_m1_tmle_tree,-0.35468583376161683,0.03732750950237106,1,7.38905609893065,8
CATE_m0_tmle_stacked,0.0049176477471933044,0.03940012529086657,1,7.38905609893065,8
CATE_m1_tmle_stacked,-0.35972272325483945,0.03776567594024466,1,7.38905609893065,8
CATE_m0_aipw_ranger,-0.006477265552569659,0.0242747939841291,1,7.38905609893065,8
CATE_m1_aipw_ranger,-0.356636326823209,0.03889116635496935,1,7.38905609893065,8
CATE_m0_aipw_xgboost,-0.0021576372635056405,0.02407681111633961,1,7.38905609893065,8
CATE_m1_aipw_xgboost,-0.36426067055003736,0.03646621741155375,1,7.38905609893065,8
CATE_m0_aipw_tree,-0.0031852335333699727,0.023647687063616682,1,7.38905609893065,8
CATE_m1_aipw_tree,-0.0031852335333699727,0.023647687063616682,1,7.38905609893065,8
CATE_m0_aipw_stacked,-3.305333372845525e-4,0.03548930309225691,1,7.38905609893065,8
CATE_m1_aipw_stacked,-3.305333372845525e-4,0.03548930309225691,1,7.38905609893065,8
CATE_m0_glm,-0.14370113996611977,0.03525182931771923,0.01831563888873418,0.0024787521766663585,8
CATE_m1_glm,0.3435725200601434,0.03808790911604319,0.01831563888873418,0.0024787521766663585,8
CATE_m0_grf,-0.17628457166240807,0.022340884858926248,0.01831563888873418,0.0024787521766663585,8
CATE_m1_grf,0.3351916173645398,0.03964435060077221,0.01831563888873418,0.0024787521766663585,8
CATE_m0_tmle_ranger,-0.1752907200208346,0.02227902746376386,0.01831563888873418,0.0024787521766663585,8
CATE_m1_tmle_ranger,0.34230443978657,0.03634654305756274,0.01831563888873418,0.0024787521766663585,8
CATE_m0_tmle_xgboost,-0.17937964712411203,0.022969505150377437,0.01831563888873418,0.0024787521766663585,8
CATE_m1_tmle_xgboost,0.3379766420522612,0.04103531074316649,0.01831563888873418,0.0024787521766663585,8
CATE_m0_tmle_tree,-0.1770181777754982,0.02234633439859569,0.01831563888873418,0.0024787521766663585,8
CATE_m1_tmle_tree,0.34198156461598717,0.036217347163768156,0.01831563888873418,0.0024787521766663585,8
CATE_m0_tmle_stacked,-0.17219051387270676,0.0223930542708362,0.01831563888873418,0.0024787521766663585,8
CATE_m1_tmle_stacked,0.3721394369007802,0.03463714791666777,0.01831563888873418,0.0024787521766663585,8
CATE_m0_aipw_ranger,-0.1762076117152163,0.019465966469832126,0.01831563888873418,0.0024787521766663585,8
CATE_m1_aipw_ranger,0.334369915315371,0.03802617650310502,0.01831563888873418,0.0024787521766663585,8
CATE_m0_aipw_xgboost,-0.1776818805588596,0.01923981684648414,0.01831563888873418,0.0024787521766663585,8
CATE_m1_aipw_xgboost,0.34426559681814506,0.0351999722686618,0.01831563888873418,0.0024787521766663585,8
CATE_m0_aipw_tree,-0.177469615448243,0.019098987891436117,0.01831563888873418,0.0024787521766663585,8
CATE_m1_aipw_tree,-0.177469615448243,0.019098987891436117,0.01831563888873418,0.0024787521766663585,8
CATE_m0_aipw_stacked,-0.1717871533793183,0.021691276395414148,0.01831563888873418,0.0024787521766663585,8
CATE_m1_aipw_stacked,-0.1717871533793183,0.021691276395414148,0.01831563888873418,0.0024787521766663585,8
CATE_m0_glm,0.2954092670689965,0.036337971326229776,7.38905609893065,54.598150033144236,8
CATE_m1_glm,-0.3592099492626345,0.03926143340990083,7.38905609893065,54.598150033144236,8
CATE_m0_grf,0.3049165426261904,0.03579915243038946,7.38905609893065,54.598150033144236,8
CATE_m1_grf,-0.35772465782183677,0.038561185931709006,7.38905609893065,54.598150033144236,8
CATE_m0_tmle_ranger,0.28529667614704013,0.052313813732556065,7.38905609893065,54.598150033144236,8
CATE_m1_tmle_ranger,-0.3483556338530285,0.03480502714316137,7.38905609893065,54.598150033144236,8
CATE_m0_tmle_xgboost,0.28252155308227855,0.04431761603476812,7.38905609893065,54.598150033144236,8
CATE_m1_tmle_xgboost,-0.34938969505125106,0.04010105861392794,7.38905609893065,54.598150033144236,8
CATE_m0_tmle_tree,0.2867672092912952,0.049013415860081656,7.38905609893065,54.598150033144236,8
CATE_m1_tmle_tree,-0.3483815895434078,0.034675427887084095,7.38905609893065,54.598150033144236,8
CATE_m0_tmle_stacked,0.2925956747972275,0.04814715865993025,7.38905609893065,54.598150033144236,8
CATE_m1_tmle_stacked,-0.37058361031799714,0.034458406379235015,7.38905609893065,54.598150033144236,8
CATE_m0_aipw_ranger,0.292506074376469,0.029995791171601997,7.38905609893065,54.598150033144236,8
CATE_m1_aipw_ranger,-0.3448280780247464,0.036260867706915126,7.38905609893065,54.598150033144236,8
CATE_m0_aipw_xgboost,0.2841832399924027,0.029639335647981744,7.38905609893065,54.598150033144236,8
CATE_m1_aipw_xgboost,-0.3553397661010538,0.034491383625525236,7.38905609893065,54.598150033144236,8
CATE_m0_aipw_tree,0.29184359754898637,0.02944048817126007,7.38905609893065,54.598150033144236,8
CATE_m1_aipw_tree,0.29184359754898637,0.02944048817126007,7.38905609893065,54.598150033144236,8
CATE_m0_aipw_stacked,0.28876889180223064,0.04537710099548176,7.38905609893065,54.598150033144236,8
CATE_m1_aipw_stacked,0.28876889180223064,0.04537710099548176,7.38905609893065,54.598150033144236,8
CATE_m0_glm,-0.32142813811744747,0.03377488547237008,0.1353352832366127,403.4287934927351,8
CATE_m1_glm,-0.9250126864772068,0.03649214220011517,0.1353352832366127,403.4287934927351,8
CATE_m0_grf,-0.291651319440485,0.031206091350923486,0.1353352832366127,403.4287934927351,8
CATE_m1_grf,-0.8825835717562627,0.02069318206997826,0.1353352832366127,403.4287934927351,8
CATE_m0_tmle_ranger,-0.3094738630363721,0.03233981197950299,0.1353352832366127,403.4287934927351,8
CATE_m1_tmle_ranger,-0.8786087138606048,0.018958195818420794,0.1353352832366127,403.4287934927351,8
CATE_m0_tmle_xgboost,-0.3189301105201111,0.033693197604455376,0.1353352832366127,403.4287934927351,8
CATE_m1_tmle_xgboost,-0.8772468811211925,0.021198143319642898,0.1353352832366127,403.4287934927351,8
CATE_m0_tmle_tree,-0.3130345785269104,0.03222884681466622,0.1353352832366127,403.4287934927351,8
CATE_m1_tmle_tree,-0.8804276405664084,0.018695325169970956,0.1353352832366127,403.4287934927351,8
CATE_m0_tmle_stacked,-0.32313981565220523,0.03170106434136622,0.1353352832366127,403.4287934927351,8
CATE_m1_tmle_stacked,-0.8891080515274685,0.01714086469933566,0.1353352832366127,403.4287934927351,8
CATE_m0_aipw_ranger,-0.3023698420137542,0.02738101791698604,0.1353352832366127,403.4287934927351,8
CATE_m1_aipw_ranger,-0.8779640639706533,0.02025090224849414,0.1353352832366127,403.4287934927351,8
CATE_m0_aipw_xgboost,-0.30625024454268357,0.027208521881717053,0.1353352832366127,403.4287934927351,8
CATE_m1_aipw_xgboost,-0.8809474959407417,0.018412621848784366,0.1353352832366127,403.4287934927351,8
CATE_m0_aipw_tree,-0.302843100519839,0.026952249998776157,0.1353352832366127,403.4287934927351,8
CATE_m1_aipw_tree,-0.302843100519839,0.026952249998776157,0.1353352832366127,403.4287934927351,8
CATE_m0_aipw_stacked,-0.3204299691779882,0.03083086131068923,0.1353352832366127,403.4287934927351,8
CATE_m1_aipw_stacked,-0.3204299691779882,0.03083086131068923,0.1353352832366127,403.4287934927351,8
CATE_m0_glm,0.6529294702437896,0.03466094487543472,54.598150033144236,7.38905609893065,8
CATE_m1_glm,0.37048567819397765,0.03744948684487601,54.598150033144236,7.38905609893065,8
CATE_m0_grf,0.6361897014367419,0.03144775862909235,54.598150033144236,7.38905609893065,8
CATE_m1_grf,0.38723730220977876,0.043410006290504906,54.598150033144236,7.38905609893065,8
CATE_m0_tmle_ranger,0.6672669900579907,0.034984157423427226,54.598150033144236,7.38905609893065,8
CATE_m1_tmle_ranger,0.3872719960087619,0.03784917672626821,54.598150033144236,7.38905609893065,8
CATE_m0_tmle_xgboost,0.6733598227109961,0.037164758341578195,54.598150033144236,7.38905609893065,8
CATE_m1_tmle_xgboost,0.3824735431298467,0.040016262606759105,54.598150033144236,7.38905609893065,8
CATE_m0_tmle_tree,0.6713587995811536,0.03571797419263191,54.598150033144236,7.38905609893065,8
CATE_m1_tmle_tree,0.38821275866022076,0.037744739981183585,54.598150033144236,7.38905609893065,8
CATE_m0_tmle_stacked,0.6638685852566515,0.039171859723319866,54.598150033144236,7.38905609893065,8
CATE_m1_tmle_stacked,0.4068472451839905,0.036205797474133536,54.598150033144236,7.38905609893065,8
CATE_m0_aipw_ranger,0.653953364987783,0.02565017039139185,54.598150033144236,7.38905609893065,8
CATE_m1_aipw_ranger,0.3833244636961426,0.03873184043715786,54.598150033144236,7.38905609893065,8
CATE_m0_aipw_xgboost,0.6693568783753676,0.025168061327731844,54.598150033144236,7.38905609893065,8
CATE_m1_aipw_xgboost,0.3864269240131734,0.03643597293191809,54.598150033144236,7.38905609893065,8
CATE_m0_aipw_tree,0.6574862693074836,0.025097148304904195,54.598150033144236,7.38905609893065,8
CATE_m1_aipw_tree,0.6574862693074836,0.025097148304904195,54.598150033144236,7.38905609893065,8
CATE_m0_aipw_stacked,0.6686450808270618,0.03477118761824667,54.598150033144236,7.38905609893065,8
CATE_m1_aipw_stacked,0.6686450808270618,0.03477118761824667,54.598150033144236,7.38905609893065,8
CATE_m0_glm,0.0046460708413834295,0.03721538224419408,1,1,8
CATE_m1_glm,-0.10596435618267898,0.040209433781729774,1,1,8
CATE_m0_grf,-0.02865378478632758,0.025835116453508635,1,1,8
CATE_m1_grf,-0.07594494989737714,0.04919889384154181,1,1,8
CATE_m0_tmle_ranger,-0.013918993096608503,0.0328009705673589,1,1,8
CATE_m1_tmle_ranger,-0.06089290683807924,0.04446083388842127,1,1,8
CATE_m0_tmle_xgboost,-0.01793591494067888,0.03292295532745785,1,1,8
CATE_m1_tmle_xgboost,-0.041352932174895496,0.05166757696083318,1,1,8
CATE_m0_tmle_tree,-0.01212056060445832,0.03456191266083023,1,1,8
CATE_m1_tmle_tree,-0.0653409443179927,0.044223181005257975,1,1,8
CATE_m0_tmle_stacked,-0.005646416127895626,0.037311866665026124,1,1,8
CATE_m1_tmle_stacked,-0.09137795860834352,0.043495516136914075,1,1,8
CATE_m0_aipw_ranger,-0.020628634753975736,0.02183390197234399,1,1,8
CATE_m1_aipw_ranger,-0.05579134669881718,0.04543453983351988,1,1,8
CATE_m0_aipw_xgboost,-0.022980054980640152,0.022024000721813736,1,1,8
CATE_m1_aipw_xgboost,-0.05163744908301264,0.04333073674543398,1,1,8
CATE_m0_aipw_tree,-0.023858483843894347,0.02136554055766714,1,1,8
CATE_m1_aipw_tree,-0.023858483843894347,0.02136554055766714,1,1,8
CATE_m0_aipw_stacked,-0.011329703332963783,0.03333466039700732,1,1,8
CATE_m1_aipw_stacked,-0.011329703332963783,0.03333466039700732,1,1,8
CATE_m0_glm,-0.1629579053049075,0.03638222720898452,0.1353352832366127,1,8
CATE_m1_glm,-0.47385061578850324,0.0393092497664655,0.1353352832366127,1,8
CATE_m0_grf,-0.16816899668033644,0.024531322473369692,0.1353352832366127,1,8
CATE_m1_grf,-0.47161039829905754,0.04216749527549097,0.1353352832366127,1,8
CATE_m0_tmle_ranger,-0.16809569155369353,0.02484666807482583,0.1353352832366127,1,8
CATE_m1_tmle_ranger,-0.46056452962524275,0.038192670285642716,0.1353352832366127,1,8
CATE_m0_tmle_xgboost,-0.1756558464424589,0.025859332927302733,0.1353352832366127,1,8
CATE_m1_tmle_xgboost,-0.46508594032270434,0.0426317736360687,0.1353352832366127,1,8
CATE_m0_tmle_tree,-0.17283474952160913,0.0248452637629877,0.1353352832366127,1,8
CATE_m1_tmle_tree,-0.4616079419501993,0.03805571461320574,0.1353352832366127,1,8
CATE_m0_tmle_stacked,-0.1615135647319625,0.025857837435309495,0.1353352832366127,1,8
CATE_m1_tmle_stacked,-0.4650747626851528,0.03885652245564071,0.1353352832366127,1,8
CATE_m0_aipw_ranger,-0.16622687078228332,0.021538120169019678,0.1353352832366127,1,8
CATE_m1_aipw_ranger,-0.46216568961061977,0.03954887522777853,0.1353352832366127,1,8
CATE_m0_aipw_xgboost,-0.17091711737602475,0.021062762575925646,0.1353352832366127,1,8
CATE_m1_aipw_xgboost,-0.47051481914830723,0.03682697272319912,0.1353352832366127,1,8
CATE_m0_aipw_tree,-0.17108306869291295,0.020978595760031724,0.1353352832366127,1,8
CATE_m1_aipw_tree,-0.17108306869291295,0.020978595760031724,0.1353352832366127,1,8
CATE_m0_aipw_stacked,-0.15999388680499277,0.024983514038549728,0.1353352832366127,1,8
CATE_m1_aipw_stacked,-0.15999388680499277,0.024983514038549728,0.1353352832366127,1,8
CATE_m0_glm,-0.036626361518888505,0.035097068012868333,1,54.598150033144236,8
CATE_m1_glm,-0.6246932981443143,0.03792069695633612,1,54.598150033144236,8
CATE_m0_grf,-0.032684038080819024,0.030787370105676594,1,54.598150033144236,8
CATE_m1_grf,-0.616263655516457,0.03407098039460393,1,54.598150033144236,8
CATE_m0_tmle_ranger,-0.03131653351032454,0.038511982064354626,1,54.598150033144236,8
CATE_m1_tmle_ranger,-0.6126386461713142,0.031498370271117834,1,54.598150033144236,8
CATE_m0_tmle_xgboost,-0.03706515819648423,0.039578840276983655,1,54.598150033144236,8
CATE_m1_tmle_xgboost,-0.6049638511296372,0.035800365943610774,1,54.598150033144236,8
CATE_m0_tmle_tree,-0.031433353403073766,0.03968085992199471,1,54.598150033144236,8
CATE_m1_tmle_tree,-0.6100664441085153,0.0311964887560083,1,54.598150033144236,8
CATE_m0_tmle_stacked,-0.02513625930107291,0.042013010815703605,1,54.598150033144236,8
CATE_m1_tmle_stacked,-0.6123590028399288,0.03116441142108189,1,54.598150033144236,8
CATE_m0_aipw_ranger,-0.035838950955359564,0.02677705578404569,1,54.598150033144236,8
CATE_m1_aipw_ranger,-0.6150807050287882,0.03311532219781849,1,54.598150033144236,8
CATE_m0_aipw_xgboost,-0.037693582469917324,0.02622136604727416,1,54.598150033144236,8
CATE_m1_aipw_xgboost,-0.6090586206828634,0.030865647036416186,1,54.598150033144236,8
CATE_m0_aipw_tree,-0.03872332060253763,0.025892280129414486,1,54.598150033144236,8
CATE_m1_aipw_tree,-0.03872332060253763,0.025892280129414486,1,54.598150033144236,8
CATE_m0_aipw_stacked,-0.02770101390985606,0.037970140225074334,1,54.598150033144236,8
CATE_m1_aipw_stacked,-0.02770101390985606,0.037970140225074334,1,54.598150033144236,8
CATE_m0_glm,-0.2666079257972969,0.03785488615057424,0.01831563888873418,0.1353352832366127,8
CATE_m1_glm,-0.47983510735787593,0.04090038704960229,0.01831563888873418,0.1353352832366127,8
CATE_m0_grf,-0.26957554074965084,0.02544763514597177,0.01831563888873418,0.1353352832366127,8
CATE_m1_grf,-0.46641651757936886,0.04434582114263328,0.01831563888873418,0.1353352832366127,8
CATE_m0_tmle_ranger,-0.2660435967527396,0.0260990498815109,0.01831563888873418,0.1353352832366127,8
CATE_m1_tmle_ranger,-0.4530845398508288,0.040027447708578884,0.01831563888873418,0.1353352832366127,8
CATE_m0_tmle_xgboost,-0.2672345680765278,0.027326137691953332,0.01831563888873418,0.1353352832366127,8
CATE_m1_tmle_xgboost,-0.4614923929424126,0.044178096877080686,0.01831563888873418,0.1353352832366127,8
CATE_m0_tmle_tree,-0.26688645706657665,0.026266374347807032,0.01831563888873418,0.1353352832366127,8
CATE_m1_tmle_tree,-0.45309955452079487,0.0399257735228382,0.01831563888873418,0.1353352832366127,8
CATE_m0_tmle_stacked,-0.2579424861014225,0.02608764414033882,0.01831563888873418,0.1353352832366127,8
CATE_m1_tmle_stacked,-0.4592197454911931,0.040922584055260176,0.01831563888873418,0.1353352832366127,8
CATE_m0_aipw_ranger,-0.26644795467853133,0.0227677386787005,0.01831563888873418,0.1353352832366127,8
CATE_m1_aipw_ranger,-0.4556810380709318,0.04091100930087,0.01831563888873418,0.1353352832366127,8
CATE_m0_aipw_xgboost,-0.2684306267665414,0.022537340694680805,0.01831563888873418,0.1353352832366127,8
CATE_m1_aipw_xgboost,-0.46338037447751135,0.038755224746721086,0.01831563888873418,0.1353352832366127,8
CATE_m0_aipw_tree,-0.2677963838932902,0.022366402528196872,0.01831563888873418,0.1353352832366127,8
CATE_m1_aipw_tree,-0.2677963838932902,0.022366402528196872,0.01831563888873418,0.1353352832366127,8
CATE_m0_aipw_stacked,-0.2573191096961576,0.0252442761939289,0.01831563888873418,0.1353352832366127,8
CATE_m1_aipw_stacked,-0.2573191096961576,0.0252442761939289,0.01831563888873418,0.1353352832366127,8
CATE_m0_glm,0.1487743819916269,0.02616515937642524,7.38905609893065,0.01831563888873418,8
CATE_m1_glm,0.838017468997867,0.02827019850102201,7.38905609893065,0.01831563888873418,8
CATE_m0_grf,0.1240131131023267,0.028245363734490558,7.38905609893065,0.01831563888873418,8
CATE_m1_grf,0.8237756415323495,0.0259556576177813,7.38905609893065,0.01831563888873418,8
CATE_m0_tmle_ranger,0.149484189853614,0.051859806092891654,7.38905609893065,0.01831563888873418,8
CATE_m1_tmle_ranger,0.8186675614086818,0.023427462986485615,7.38905609893065,0.01831563888873418,8
CATE_m0_tmle_xgboost,0.1571357793059888,0.038193677712579914,7.38905609893065,0.01831563888873418,8
CATE_m1_tmle_xgboost,0.8199488091695076,0.025723106066655833,7.38905609893065,0.01831563888873418,8
CATE_m0_tmle_tree,0.1588459764157425,0.04402771333584801,7.38905609893065,0.01831563888873418,8
CATE_m1_tmle_tree,0.8216638250095818,0.023186177235918943,7.38905609893065,0.01831563888873418,8
CATE_m0_tmle_stacked,0.1708293912762056,0.04760116419083617,7.38905609893065,0.01831563888873418,8
CATE_m1_tmle_stacked,0.8443534522981587,0.019442617882018086,7.38905609893065,0.01831563888873418,8
CATE_m0_aipw_ranger,0.15101304856400022,0.02424442970547521,7.38905609893065,0.01831563888873418,8
CATE_m1_aipw_ranger,0.8157545055677462,0.024798113718157003,7.38905609893065,0.01831563888873418,8
CATE_m0_aipw_xgboost,0.14897223304174678,0.023925823494214734,7.38905609893065,0.01831563888873418,8
CATE_m1_aipw_xgboost,0.8216418257173,0.022710744051750935,7.38905609893065,0.01831563888873418,8
CATE_m0_aipw_tree,0.14868973702738522,0.023670565281212294,7.38905609893065,0.01831563888873418,8
CATE_m1_aipw_tree,0.14868973702738522,0.023670565281212294,7.38905609893065,0.01831563888873418,8
CATE_m0_aipw_stacked,0.16135281100826868,0.0455426383819185,7.38905609893065,0.01831563888873418,8
CATE_m1_aipw_stacked,0.16135281100826868,0.0455426383819185,7.38905609893065,0.01831563888873418,8
CATE_m0_glm,-0.04946913299042981,0.031335332639180015,0.1353352832366127,0.0024787521766663585,8
CATE_m1_glm,0.5411676237935588,0.03385632248826766,0.1353352832366127,0.0024787521766663585,8
CATE_m0_grf,-0.10818919647754233,0.01920103577012169,0.1353352832366127,0.0024787521766663585,8
CATE_m1_grf,0.5450845941950914,0.03461025485692957,0.1353352832366127,0.0024787521766663585,8
CATE_m0_tmle_ranger,-0.10571626943206155,0.019206080716189265,0.1353352832366127,0.0024787521766663585,8
CATE_m1_tmle_ranger,0.5533875329718206,0.03148045196850964,0.1353352832366127,0.0024787521766663585,8
CATE_m0_tmle_xgboost,-0.1095768514987436,0.019454802126499818,0.1353352832366127,0.0024787521766663585,8
CATE_m1_tmle_xgboost,0.5686654860333191,0.034349133807717064,0.1353352832366127,0.0024787521766663585,8
CATE_m0_tmle_tree,-0.10847933296166173,0.01921782539065196,0.1353352832366127,0.0024787521766663585,8
CATE_m1_tmle_tree,0.558471226685355,0.031161943707524033,0.1353352832366127,0.0024787521766663585,8
CATE_m0_tmle_stacked,-0.10266890636894696,0.01936948725335776,0.1353352832366127,0.0024787521766663585,8
CATE_m1_tmle_stacked,0.5740002266720149,0.02918919974841089,0.1353352832366127,0.0024787521766663585,8
CATE_m0_aipw_ranger,-0.10664284195652056,0.016555120453519655,0.1353352832366127,0.0024787521766663585,8
CATE_m1_aipw_ranger,0.5496502566190884,0.03324560077558188,0.1353352832366127,0.0024787521766663585,8
CATE_m0_aipw_xgboost,-0.11028005901795204,0.016284103116592185,0.1353352832366127,0.0024787521766663585,8
CATE_m1_aipw_xgboost,0.5567069493672208,0.031379560995473975,0.1353352832366127,0.0024787521766663585,8
CATE_m0_aipw_tree,-0.10959713195769963,0.016179275779838638,0.1353352832366127,0.0024787521766663585,8
CATE_m1_aipw_tree,-0.10959713195769963,0.016179275779838638,0.1353352832366127,0.0024787521766663585,8
CATE_m0_aipw_stacked,-0.10287540004081239,0.018759786795688644,0.1353352832366127,0.0024787521766663585,8
CATE_m1_aipw_stacked,-0.10287540004081239,0.018759786795688644,0.1353352832366127,0.0024787521766663585,8
CATE_m0_glm,0.02312121950017402,0.026339975754726627,1,0.0024787521766663585,8
CATE_m1_glm,0.7705760290834538,0.02845907920473608,1,0.0024787521766663585,8
CATE_m0_grf,-0.014363885077986475,0.02007874633178721,1,0.0024787521766663585,8
CATE_m1_grf,0.767078821149911,0.027626329293432905,1,0.0024787521766663585,8
CATE_m0_tmle_ranger,-0.0063348488230529215,0.023295072451160987,1,0.0024787521766663585,8
CATE_m1_tmle_ranger,0.7655300508281702,0.02519822043044155,1,0.0024787521766663585,8
CATE_m0_tmle_xgboost,-0.014730553037455726,0.021670639423330234,1,0.0024787521766663585,8
CATE_m1_tmle_xgboost,0.766509070797784,0.027201954418005415,1,0.0024787521766663585,8
CATE_m0_tmle_tree,-0.011483909109558245,0.02346314680910857,1,0.0024787521766663585,8
CATE_m1_tmle_tree,0.7686167516155634,0.02499605784234035,1,0.0024787521766663585,8
CATE_m0_tmle_stacked,0.00269370916693612,0.029532107699532576,1,0.0024787521766663585,8
CATE_m1_tmle_stacked,0.7867746482092794,0.022382401783797853,1,0.0024787521766663585,8
CATE_m0_aipw_ranger,-0.004424228330899966,0.017205464490698645,1,0.0024787521766663585,8
CATE_m1_aipw_ranger,0.7632041182596561,0.026768740486905244,1,0.0024787521766663585,8
CATE_m0_aipw_xgboost,-0.018793211786415378,0.01648157804238366,1,0.0024787521766663585,8
CATE_m1_aipw_xgboost,0.7665523040747299,0.02489818162363384,1,0.0024787521766663585,8
CATE_m0_aipw_tree,-0.01705161426733566,0.016686058244021123,1,0.0024787521766663585,8
CATE_m1_aipw_tree,-0.01705161426733566,0.016686058244021123,1,0.0024787521766663585,8
CATE_m0_aipw_stacked,-0.0017928728543214931,0.025807360397566356,1,0.0024787521766663585,8
CATE_m1_aipw_stacked,-0.0017928728543214931,0.025807360397566356,1,0.0024787521766663585,8
CATE_m0_glm,-0.1944070209525278,0.03446692251247964,0.1353352832366127,7.38905609893065,8
CATE_m1_glm,-0.7120174423083276,0.03723985499683462,0.1353352832366127,7.38905609893065,8
CATE_m0_grf,-0.18402409422558974,0.027200112946982668,0.1353352832366127,7.38905609893065,8
CATE_m1_grf,-0.6964583390206829,0.032197317215472594,0.1353352832366127,7.38905609893065,8
CATE_m0_tmle_ranger,-0.19526852975224537,0.027765207854708283,0.1353352832366127,7.38905609893065,8
CATE_m1_tmle_ranger,-0.6906477467697418,0.029945441820373644,0.1353352832366127,7.38905609893065,8
CATE_m0_tmle_xgboost,-0.2010773387580538,0.029622789958125485,0.1353352832366127,7.38905609893065,8
CATE_m1_tmle_xgboost,-0.6977955171193688,0.033544874921621524,0.1353352832366127,7.38905609893065,8
CATE_m0_tmle_tree,-0.19761264694418396,0.0281255793124439,0.1353352832366127,7.38905609893065,8
CATE_m1_tmle_tree,-0.6890288313382394,0.029720763547391695,0.1353352832366127,7.38905609893065,8
CATE_m0_tmle_stacked,-0.1953700474878965,0.029624181532050323,0.1353352832366127,7.38905609893065,8
CATE_m1_tmle_stacked,-0.6958576613911792,0.02978385503382646,0.1353352832366127,7.38905609893065,8
CATE_m0_aipw_ranger,-0.1918949908275221,0.02393901244846142,0.1353352832366127,7.38905609893065,8
CATE_m1_aipw_ranger,-0.6927327225747115,0.031276157461867043,0.1353352832366127,7.38905609893065,8
CATE_m0_aipw_xgboost,-0.19438588382362992,0.023533841176979774,0.1353352832366127,7.38905609893065,8
CATE_m1_aipw_xgboost,-0.7039095352492235,0.029036057129847394,0.1353352832366127,7.38905609893065,8
CATE_m0_aipw_tree,-0.19345730912725975,0.02347076576129018,0.1353352832366127,7.38905609893065,8
CATE_m1_aipw_tree,-0.19345730912725975,0.02347076576129018,0.1353352832366127,7.38905609893065,8
CATE_m0_aipw_stacked,-0.19216072024022518,0.028368037567164998,0.1353352832366127,7.38905609893065,8
CATE_m1_aipw_stacked,-0.19216072024022518,0.028368037567164998,0.1353352832366127,7.38905609893065,8
CATE_m0_glm,-0.0879061960694281,0.03438546025147721,0.1353352832366127,0.01831563888873418,8
CATE_m1_glm,0.40344386649469965,0.03715183893487416,0.1353352832366127,0.01831563888873418,8
CATE_m0_grf,-0.12905538686028484,0.02025811155598388,0.1353352832366127,0.01831563888873418,8
CATE_m1_grf,0.40873130029157795,0.04133181048794623,0.1353352832366127,0.01831563888873418,8
CATE_m0_tmle_ranger,-0.124674861416654,0.02040018158889089,0.1353352832366127,0.01831563888873418,8
CATE_m1_tmle_ranger,0.4081032700442999,0.037147336703766826,0.1353352832366127,0.01831563888873418,8
CATE_m0_tmle_xgboost,-0.13113822695473046,0.02072850249693353,0.1353352832366127,0.01831563888873418,8
CATE_m1_tmle_xgboost,0.4095047645040488,0.04187879771002553,0.1353352832366127,0.01831563888873418,8
CATE_m0_tmle_tree,-0.12992382189092277,0.02036455393290453,0.1353352832366127,0.01831563888873418,8
CATE_m1_tmle_tree,0.4175455380644714,0.036646481346423766,0.1353352832366127,0.01831563888873418,8
CATE_m0_tmle_stacked,-0.12404557751656871,0.020531156015010335,0.1353352832366127,0.01831563888873418,8
CATE_m1_tmle_stacked,0.43553612719949925,0.03520209363492556,0.1353352832366127,0.01831563888873418,8
CATE_m0_aipw_ranger,-0.12601260358356253,0.01764995442092655,0.1353352832366127,0.01831563888873418,8
CATE_m1_aipw_ranger,0.40750474621624483,0.03879469216244288,0.1353352832366127,0.01831563888873418,8
CATE_m0_aipw_xgboost,-0.13116244277721745,0.01727563762915815,0.1353352832366127,0.01831563888873418,8
CATE_m1_aipw_xgboost,0.40119692662337325,0.03660317011727968,0.1353352832366127,0.01831563888873418,8
CATE_m0_aipw_tree,-0.13071447318073237,0.017203125952079245,0.1353352832366127,0.01831563888873418,8
CATE_m1_aipw_tree,-0.13071447318073237,0.017203125952079245,0.1353352832366127,0.01831563888873418,8
CATE_m0_aipw_stacked,-0.12395131845413179,0.01986710545306412,0.1353352832366127,0.01831563888873418,8
CATE_m1_aipw_stacked,-0.12395131845413179,0.01986710545306412,0.1353352832366127,0.01831563888873418,8
CATE_m0_glm,-0.4848717351507591,0.032384937534238566,0.01831563888873418,403.4287934927351,8
CATE_m1_glm,-0.9761908303777878,0.034990370185209424,0.01831563888873418,403.4287934927351,8
CATE_m0_grf,-0.4484613979623985,0.029031348463294478,0.01831563888873418,403.4287934927351,8
CATE_m1_grf,-0.9242437254991981,0.01785757294273092,0.01831563888873418,403.4287934927351,8
CATE_m0_tmle_ranger,-0.45940771065012076,0.02895804885084701,0.01831563888873418,403.4287934927351,8
CATE_m1_tmle_ranger,-0.9169892886741381,0.01567636479354081,0.01831563888873418,403.4287934927351,8
CATE_m0_tmle_xgboost,-0.4539342750493978,0.03040883636504606,0.01831563888873418,403.4287934927351,8
CATE_m1_tmle_xgboost,-0.9225878999859568,0.017869739285175917,0.01831563888873418,403.4287934927351,8
CATE_m0_tmle_tree,-0.45856868074204216,0.029139851980106077,0.01831563888873418,403.4287934927351,8
CATE_m1_tmle_tree,-0.9200227047792143,0.015372227365942619,0.01831563888873418,403.4287934927351,8
CATE_m0_tmle_stacked,-0.4711690316056388,0.02807659986802347,0.01831563888873418,403.4287934927351,8
CATE_m1_tmle_stacked,-0.9287144517746349,0.013424495610600995,0.01831563888873418,403.4287934927351,8
CATE_m0_aipw_ranger,-0.4565836588645942,0.025521575486932624,0.01831563888873418,403.4287934927351,8
CATE_m1_aipw_ranger,-0.9161760441063059,0.016855957847123938,0.01831563888873418,403.4287934927351,8
CATE_m0_aipw_xgboost,-0.4517962281395732,0.0255325791696097,0.01831563888873418,403.4287934927351,8
CATE_m1_aipw_xgboost,-0.9258573294435332,0.01492518708827257,0.01831563888873418,403.4287934927351,8
CATE_m0_aipw_tree,-0.45485177422033246,0.025195060533615306,0.01831563888873418,403.4287934927351,8
CATE_m1_aipw_tree,-0.45485177422033246,0.025195060533615306,0.01831563888873418,403.4287934927351,8
CATE_m0_aipw_stacked,-0.47044379418726434,0.027383078531697188,0.01831563888873418,403.4287934927351,8
CATE_m1_aipw_stacked,-0.47044379418726434,0.027383078531697188,0.01831563888873418,403.4287934927351,8
CATE_m0_glm,0.03505256450568477,0.03391176428318518,1,0.1353352832366127,8
CATE_m1_glm,0.4002844038204093,0.03664003318356599,1,0.1353352832366127,8
CATE_m0_grf,-0.00790139971482035,0.0235760410551991,1,0.1353352832366127,8
CATE_m1_grf,0.40965336278693976,0.04238084752697143,1,0.1353352832366127,8
CATE_m0_tmle_ranger,0.004380566562654689,0.03140527994953396,1,0.1353352832366127,8
CATE_m1_tmle_ranger,0.4166615176252054,0.0374692885100237,1,0.1353352832366127,8
CATE_m0_tmle_xgboost,0.0030915403923253287,0.03113928515943585,1,0.1353352832366127,8
CATE_m1_tmle_xgboost,0.42081931488198676,0.04001972732895105,1,0.1353352832366127,8
CATE_m0_tmle_tree,0.007863610238902752,0.03301211070669805,1,0.1353352832366127,8
CATE_m1_tmle_tree,0.4197655470706667,0.03733196837956555,1,0.1353352832366127,8
CATE_m0_tmle_stacked,0.01591952100110204,0.03596545594837274,1,0.1353352832366127,8
CATE_m1_tmle_stacked,0.442237148859724,0.03581658288963635,1,0.1353352832366127,8
CATE_m0_aipw_ranger,2.740755015179468e-4,0.01984445495755087,1,0.1353352832366127,8
CATE_m1_aipw_ranger,0.4127548527836837,0.03923187354199109,1,0.1353352832366127,8
CATE_m0_aipw_xgboost,-0.003973409785831222,0.02002422934396718,1,0.1353352832366127,8
CATE_m1_aipw_xgboost,0.41909234907717985,0.03685127244210409,1,0.1353352832366127,8
CATE_m0_aipw_tree,-0.005064015762490487,0.019321844683018948,1,0.1353352832366127,8
CATE_m1_aipw_tree,-0.005064015762490487,0.019321844683018948,1,0.1353352832366127,8
CATE_m0_aipw_stacked,0.009248061653781139,0.03222064217862636,1,0.1353352832366127,8
CATE_m1_aipw_stacked,0.009248061653781139,0.03222064217862636,1,0.1353352832366127,8
CATE_m0_glm,0.5443784637689103,0.031218617597620502,54.598150033144236,1,8
CATE_m1_glm,0.7427804369816026,0.033730217489422676,54.598150033144236,1,8
CATE_m0_grf,0.5494654632890972,0.03231531341249265,54.598150033144236,1,8
CATE_m1_grf,0.7241207210974505,0.032965137702279115,54.598150033144236,1,8
CATE_m0_tmle_ranger,0.5905611335055949,0.03725246767512334,54.598150033144236,1,8
CATE_m1_tmle_ranger,0.7204691460598027,0.029050734151242624,54.598150033144236,1,8
CATE_m0_tmle_xgboost,0.5825329936870854,0.03871547112495001,54.598150033144236,1,8
CATE_m1_tmle_xgboost,0.7147304501808955,0.03177453891699815,54.598150033144236,1,8
CATE_m0_tmle_tree,0.5902884243653854,0.03780552689257442,54.598150033144236,1,8
CATE_m1_tmle_tree,0.7235261953963735,0.028849972850637964,54.598150033144236,1,8
CATE_m0_tmle_stacked,0.591627451757581,0.03990581161868788,54.598150033144236,1,8
CATE_m1_tmle_stacked,0.7507962487016698,0.025076687668896102,54.598150033144236,1,8
CATE_m0_aipw_ranger,0.5752221540488726,0.026453479344205087,54.598150033144236,1,8
CATE_m1_aipw_ranger,0.7176099164556556,0.03020195792954768,54.598150033144236,1,8
CATE_m0_aipw_xgboost,0.5765125570864792,0.026065207074176706,54.598150033144236,1,8
CATE_m1_aipw_xgboost,0.7214395847483326,0.027892455070814358,54.598150033144236,1,8
CATE_m0_aipw_tree,0.5766271842122129,0.02603480092070595,54.598150033144236,1,8
CATE_m1_aipw_tree,0.5766271842122129,0.02603480092070595,54.598150033144236,1,8
CATE_m0_aipw_stacked,0.596659704188505,0.03542580511932519,54.598150033144236,1,8
CATE_m1_aipw_stacked,0.596659704188505,0.03542580511932519,54.598150033144236,1,8
CATE_m0_glm,-0.03680872515383602,0.03561917355924532,1,403.4287934927351,8
CATE_m1_glm,-0.7582269620443578,0.03848480693259182,1,403.4287934927351,8
CATE_m0_grf,-0.020747961657698103,0.03431633445145291,1,403.4287934927351,8
CATE_m1_grf,-0.7334760079525326,0.029465460186370068,1,403.4287934927351,8
CATE_m0_tmle_ranger,-0.038525821773638974,0.04118645424358982,1,403.4287934927351,8
CATE_m1_tmle_ranger,-0.7358517293173813,0.02678633586054712,1,403.4287934927351,8
CATE_m0_tmle_xgboost,-0.04042770826760858,0.04335582090687678,1,403.4287934927351,8
CATE_m1_tmle_xgboost,-0.7302744614811222,0.0292703046167368,1,403.4287934927351,8
CATE_m0_tmle_tree,-0.036636182407392054,0.04266361158472902,1,403.4287934927351,8
CATE_m1_tmle_tree,-0.7364814581330885,0.02655262759284052,1,403.4287934927351,8
CATE_m0_tmle_stacked,-0.035448233079688,0.04429174591147326,1,403.4287934927351,8
CATE_m1_tmle_stacked,-0.7432906890240746,0.02612261814537376,1,403.4287934927351,8
CATE_m0_aipw_ranger,-0.03920880067234962,0.029412150980506535,1,403.4287934927351,8
CATE_m1_aipw_ranger,-0.7361653032768969,0.02830733473974789,1,403.4287934927351,8
CATE_m0_aipw_xgboost,-0.03587412674061506,0.029558990519813463,1,403.4287934927351,8
CATE_m1_aipw_xgboost,-0.7348629536058562,0.026712522644134717,1,403.4287934927351,8
CATE_m0_aipw_tree,-0.037316065624617506,0.028952946548986197,1,403.4287934927351,8
CATE_m1_aipw_tree,-0.037316065624617506,0.028952946548986197,1,403.4287934927351,8
CATE_m0_aipw_stacked,-0.03905431711830398,0.040285974573806914,1,403.4287934927351,8
CATE_m1_aipw_stacked,-0.03905431711830398,0.040285974573806914,1,403.4287934927351,8
CATE_m0_glm,0.34780482443154376,0.03574110620648789,7.38905609893065,403.4287934927351,8
CATE_m1_glm,-0.5541376917473322,0.03861654930387691,7.38905609893065,403.4287934927351,8
CATE_m0_grf,0.354301863347002,0.03646672872876224,7.38905609893065,403.4287934927351,8
CATE_m1_grf,-0.5565729286191163,0.033786420893611085,7.38905609893065,403.4287934927351,8
CATE_m0_tmle_ranger,0.3110226976912781,0.053260266544275986,7.38905609893065,403.4287934927351,8
CATE_m1_tmle_ranger,-0.5474561243524654,0.03126327699995686,7.38905609893065,403.4287934927351,8
CATE_m0_tmle_xgboost,0.300576117414156,0.04453891372350455,7.38905609893065,403.4287934927351,8
CATE_m1_tmle_xgboost,-0.547129043817065,0.03633540426846623,7.38905609893065,403.4287934927351,8
CATE_m0_tmle_tree,0.30672498087739014,0.04925175909604442,7.38905609893065,403.4287934927351,8
CATE_m1_tmle_tree,-0.5456744577978229,0.03116525439445474,7.38905609893065,403.4287934927351,8
CATE_m0_tmle_stacked,0.3074553791021359,0.045299811716609906,7.38905609893065,403.4287934927351,8
CATE_m1_tmle_stacked,-0.5499139905931629,0.03155516867053475,7.38905609893065,403.4287934927351,8
CATE_m0_aipw_ranger,0.32068225326408073,0.030790743020625108,7.38905609893065,403.4287934927351,8
CATE_m1_aipw_ranger,-0.5468117309841898,0.032958773186914286,7.38905609893065,403.4287934927351,8
CATE_m0_aipw_xgboost,0.31311418273608,0.030590982749443756,7.38905609893065,403.4287934927351,8
CATE_m1_aipw_xgboost,-0.5514719023268158,0.030908898758685934,7.38905609893065,403.4287934927351,8
CATE_m0_aipw_tree,0.31568369613168745,0.030092004490515127,7.38905609893065,403.4287934927351,8
CATE_m1_aipw_tree,0.31568369613168745,0.030092004490515127,7.38905609893065,403.4287934927351,8
CATE_m0_aipw_stacked,0.30793790800326865,0.042958040606369055,7.38905609893065,403.4287934927351,8
CATE_m1_aipw_stacked,0.30793790800326865,0.042958040606369055,7.38905609893065,403.4287934927351,8
CATE_m0_glm,0.7521055941171709,0.031197854786800434,54.598150033144236,403.4287934927351,8
CATE_m1_glm,-0.2941343126393624,0.03370778426916677,54.598150033144236,403.4287934927351,8
CATE_m0_grf,0.7659814547398132,0.028049855213137954,54.598150033144236,403.4287934927351,8
CATE_m1_grf,-0.30207664831845876,0.03381388692554268,54.598150033144236,403.4287934927351,8
CATE_m0_tmle_ranger,0.7673632409459621,0.03131720352988241,54.598150033144236,403.4287934927351,8
CATE_m1_tmle_ranger,-0.2956804267024169,0.03153862690093701,54.598150033144236,403.4287934927351,8
CATE_m0_tmle_xgboost,0.7705954580255866,0.0335320071168816,54.598150033144236,403.4287934927351,8
CATE_m1_tmle_xgboost,-0.29657223882372086,0.03680919825146598,54.598150033144236,403.4287934927351,8
CATE_m0_tmle_tree,0.7675248192895255,0.03244192280201158,54.598150033144236,403.4287934927351,8
CATE_m1_tmle_tree,-0.2977741065352346,0.031449231283701404,54.598150033144236,403.4287934927351,8
CATE_m0_tmle_stacked,0.7601558327733222,0.03682125289906876,54.598150033144236,403.4287934927351,8
CATE_m1_tmle_stacked,-0.3126225434022397,0.03183314899116917,54.598150033144236,403.4287934927351,8
CATE_m0_aipw_ranger,0.763410681727144,0.023110462215668866,54.598150033144236,403.4287934927351,8
CATE_m1_aipw_ranger,-0.29171035678418045,0.03299334361691141,54.598150033144236,403.4287934927351,8
CATE_m0_aipw_xgboost,0.773716301219993,0.02235119470339033,54.598150033144236,403.4287934927351,8
CATE_m1_aipw_xgboost,-0.29136610293237036,0.03092633290368171,54.598150033144236,403.4287934927351,8
CATE_m0_aipw_tree,0.7645420231675532,0.022741933219384558,54.598150033144236,403.4287934927351,8
CATE_m1_aipw_tree,0.7645420231675532,0.022741933219384558,54.598150033144236,403.4287934927351,8
CATE_m0_aipw_stacked,0.7659535091181118,0.03239656344584748,54.598150033144236,403.4287934927351,8
CATE_m1_aipw_stacked,0.7659535091181118,0.03239656344584748,54.598150033144236,403.4287934927351,8
